id;order_summary;created_date;deadline_date;order_status;order_paid;order_note
1;copying;2019-06-02T03:10:43;2019-06-02T00:22:31;NEW;false;526570726573656e74617469766520706172746e65727368697073
2;GB Serbia;2019-06-01T16:16:50;2019-06-01T19:27:16;NEW;false;4b726f6f6e206465706f7369742073797374656d6963
3;Liaison Grocery capacitor;2019-06-01T14:16:27;2019-06-02T02:01:45;NEW;true;652d7365727669636573
4;program override red;2019-06-01T15:16:04;2019-06-01T20:27:46;NEW;true;7465616c
5;Licensed Cheese Summit;2019-06-01T23:22:27;2019-06-01T17:50:17;NEW;false;4175746f6d6f74697665
6;Orchestrator indigo Manors;2019-06-02T12:04:23;2019-06-02T09:17:14;NEW;false;7465616c2041766f6e
7;payment;2019-06-02T04:16:49;2019-06-02T05:38:48;NEW;false;4865616c7468
8;Jordanian Dinar;2019-06-02T02:36:34;2019-06-02T00:35:03;NEW;true;736f6c69642073746174652048616e646d616465204772616e697465204669736820527573746963
9;Tasty;2019-06-01T22:24:03;2019-06-02T08:40:57;NEW;true;527570696168
10;back up Tactics;2019-06-02T10:21:52;2019-06-01T23:40:39;NEW;false;46616e746173746963206d6f6e6574697a652046726f7a656e
