id;service_summary;created_date;service_date
1;Auto Loan Account Personal Loan Account;2019-06-01T17:04:18;2019-06-02T01:58:53
2;zero tolerance Iowa;2019-06-01T14:12:22;2019-06-02T03:28:59
3;benchmark;2019-06-02T00:55:23;2019-06-01T20:56:43
4;program Soft interface;2019-06-01T14:17:10;2019-06-01T21:39:29
5;deposit;2019-06-02T03:09:15;2019-06-01T12:47:21
6;Shirt SDD;2019-06-02T00:17:17;2019-06-02T01:36:38
7;Refined;2019-06-02T02:22:56;2019-06-02T01:24:55
8;Borders open-source;2019-06-01T21:52:19;2019-06-02T09:48:59
9;withdrawal;2019-06-02T04:36:40;2019-06-01T12:50:13
10;Synchronised deposit;2019-06-02T04:17:53;2019-06-01T21:58:51
